order_year,order_month,total_revenue,total_orders
2024,3,30620.979999999996,40
2024,4,50375.399999999994,79
2024,5,61448.18,92
2024,6,59127.4,75
2024,7,57939.86,90
2024,8,79070.11999999998,90
2024,9,69323.09,90
2024,10,55328.979999999996,73
2024,11,55404.740000000005,75
2024,12,78432.94,97
